{"__class__": "Scene", "obstacles": [{"__class__": "ObstaclePolygon", "poly": [[10.0, 5.0], [10.0, 6.0], [-6.0, 6.0], [-6.0, 5.0]], "data": {"color": "", "name": "", "value": "", "details": ""}}, {"__class__": "ObstaclePolygon", "poly": [[11.0, 5.0], [10.0, 5.0], [10.0, -8.0], [11.0, -8.0]], "data": {"color": "", "name": "", "value": "", "details": ""}}, {"__class__": "ObstaclePolygon", "poly": [[10.0, -8.0], [-6.0, -8.0], [-6.0, -9.0], [10.0, -9.0]], "data": {"color": "", "name": "", "value": "", "details": ""}}, {"__class__": "ObstaclePolygon", "poly": [[-6.0, 5.0], [-7.0, 5.0], [-7.0, -8.0], [-6.0, -8.0]], "data": {"color": "", "name": "", "value": "", "details": ""}}, {"__class__": "ObstaclePolygon", "poly": [[-3.0, -8.0], [-2.0, -8.0], [-2.0, -4.0], [-3.0, -4.0]], "data": {"color": "", "name": "", "value": "", "details": ""}}, {"__class__": "ObstaclePolygon", "poly": [[-6.0, -1.0], [-6.0, -2.0], [1.0, -2.0], [1.0, -1.0]], "data": {"color": "", "name": "", "value": "", "details": ""}}, {"__class__": "ObstaclePolygon", "poly": [[0.0, -2.0], [0.0, -5.0], [1.0, -5.0], [1.0, -2.0]], "data": {"color": "", "name": "", "value": "", "details": ""}}, {"__class__": "ObstaclePolygon", "poly": [[1.0, -5.0], [2.0, -6.0], [4.0, -6.0], [5.0, -5.0]], "data": {"color": "", "name": "", "value": "", "details": ""}}, {"__class__": "ObstaclePolygon", "poly": [[6.0, -8.0], [10.0, -8.0], [10.0, -4.0]], "data": {"color": "", "name": "", "value": "", "details": ""}}, {"__class__": "ObstaclePolygon", "poly": [[7.0, -5.0], [5.0, -5.0], [6.0, -6.0]], "data": {"color": "", "name": "", "value": "", "details": ""}}, {"__class__": "ObstaclePolygon", "poly": [[9.0, -5.0], [10.0, -4.0], [4.0, 2.0], [3.0, 1.0]], "data": {"color": "", "name": "", "value": "", "details": ""}}, {"__class__": "ObstaclePolygon", "poly": [[3.0, 1.0], [-3.0, 1.0], [-3.0, 0.0], [1.0, 0.0]], "data": {"color": "", "name": "", "value": "", "details": ""}}, {"__class__": "ObstaclePolygon", "poly": [[-3.0, 1.0], [-2.0, 1.0], [-2.0, 4.0], [-3.0, 4.0]], "data": {"color": "", "name": "", "value": "", "details": ""}}, {"__class__": "ObstaclePolygon", "poly": [[-1.0, 5.0], [-1.0, 3.0], [3.0, 3.0]], "data": {"color": "", "name": "", "value": "", "details": ""}}, {"__class__": "ObstaclePolygon", "poly": [[3.0, 3.0], [6.0, 3.0], [6.0, 4.0], [3.0, 4.0]], "data": {"color": "", "name": "", "value": "", "details": ""}}, {"__class__": "ObstaclePolygon", "poly": [[6.0, 3.0], [8.0, 1.0], [9.0, 2.0], [8.0, 2.0]], "data": {"color": "", "name": "", "value": "", "details": ""}}], "robots": [{"__class__": "RobotRod", "length": 1.5, "start": [[-5.0, -5.0], 4.7], "end": [[8.0, 3.0], 0.0], "data": {"color": "", "name": "", "value": "", "details": ""}}], "metadata": {"version": "1.0.6", "solvers": "", "details": ""}}