{"__class__": "Scene", "obstacles": [{"__class__": "ObstaclePolygon", "poly": [[10.0, 10.0], [-11.0, 10.0], [-11.0, 9.0], [10.0, 9.0]], "data": {}}, {"__class__": "ObstaclePolygon", "poly": [[-11.0, 9.0], [-11.0, -11.0], [-10.0, -11.0], [-10.0, 9.0]], "data": {}}, {"__class__": "ObstaclePolygon", "poly": [[-10.0, -11.0], [11.0, -11.0], [11.0, -10.0], [-10.0, -10.0]], "data": {}}, {"__class__": "ObstaclePolygon", "poly": [[10.0, 10.0], [11.0, 10.0], [11.0, -10.0], [10.0, -10.0]], "data": {}}, {"__class__": "ObstaclePolygon", "poly": [[-10.0, -5.0], [-5.0, -5.0], [-5.0, -4.0], [-10.0, -4.0]], "data": {}}, {"__class__": "ObstaclePolygon", "poly": [[-2.0, -5.0], [10.0, -5.0], [10.0, -4.0], [-2.0, -4.0]], "data": {}}, {"__class__": "ObstaclePolygon", "poly": [[-10.0, 1.0], [4.0, 1.0], [4.0, 2.0], [-10.0, 2.0]], "data": {}}, {"__class__": "ObstaclePolygon", "poly": [[7.0, 1.0], [7.0, 2.0], [10.0, 2.0], [10.0, 1.0]], "data": {}}, {"__class__": "ObstaclePolygon", "poly": [[0.0, -4.0], [0.0, -1.0], [1.0, -1.0], [1.0, -4.0]], "data": {}}, {"__class__": "ObstaclePolygon", "poly": [[-5.0, 5.0], [-5.0, 6.0], [10.0, 6.0], [10.0, 5.0]], "data": {}}, {"__class__": "ObstaclePolygon", "poly": [[-1.0, 6.0], [-1.0, 7.0], [0.0, 7.0], [0.0, 6.0]], "data": {}}], "robots": [{"__class__": "RobotRod", "length": 3.0, "start": [[-8.0, -8.0], 0.0], "end": [[6.0, 8.0], 0.0], "data": {"color": "", "name": "", "value": "", "details": ""}}], "metadata": {}}