{"__class__": "Scene", "obstacles": [{"__class__": "ObstaclePolygon", "poly": [[3.0, 7.0], [-3.0, 7.0], [-3.0, 6.0], [3.0, 6.0]], "data": {"color": "", "name": "", "value": "", "details": ""}}, {"__class__": "ObstaclePolygon", "poly": [[3.0, 2.0], [-3.0, 2.0], [-3.0, 1.0], [3.0, 1.0]], "data": {"color": "", "name": "", "value": "", "details": ""}}, {"__class__": "ObstaclePolygon", "poly": [[-1.0, 1.0], [-1.0, -4.0], [1.0, -4.0], [1.0, 1.0]], "data": {"color": "", "name": "", "value": "", "details": ""}}, {"__class__": "ObstaclePolygon", "poly": [[-1.0, 7.0], [1.0, 7.0], [1.0, 12.0], [-1.0, 12.0]], "data": {"color": "", "name": "", "value": "", "details": ""}}, {"__class__": "ObstaclePolygon", "poly": [[-15.0, -8.0], [-15.0, 16.0], [-16.0, 16.0], [-16.0, -8.0]], "data": {"color": "", "name": "", "value": "", "details": ""}}, {"__class__": "ObstaclePolygon", "poly": [[-15.0, 15.0], [15.0, 15.0], [15.0, 16.0], [-15.0, 16.0]], "data": {"color": "", "name": "", "value": "", "details": ""}}, {"__class__": "ObstaclePolygon", "poly": [[15.0, 15.0], [15.0, -8.0], [16.0, -8.0], [16.0, 15.0]], "data": {"color": "", "name": "", "value": "", "details": ""}}, {"__class__": "ObstaclePolygon", "poly": [[15.0, -8.0], [-15.0, -8.0], [-15.0, -9.0], [15.0, -9.0]], "data": {"color": "", "name": "", "value": "", "details": ""}}, {"__class__": "ObstaclePolygon", "poly": [[16.0, -8.0], [15.0, -8.0], [15.0, -9.0], [16.0, -9.0]], "data": {"color": "", "name": "", "value": "", "details": ""}}, {"__class__": "ObstaclePolygon", "poly": [[-15.0, -8.0], [-16.0, -8.0], [-16.0, -9.0], [-15.0, -9.0]], "data": {"color": "", "name": "", "value": "", "details": ""}}, {"__class__": "ObstaclePolygon", "poly": [[15.0, 15.0], [16.0, 15.0], [16.0, 16.0], [15.0, 16.0]], "data": {"color": "", "name": "", "value": "", "details": ""}}, {"__class__": "ObstaclePolygon", "poly": [[8.0, 15.0], [8.0, 7.0], [9.0, 7.0], [9.0, 15.0]], "data": {"color": "", "name": "", "value": "", "details": ""}}, {"__class__": "ObstaclePolygon", "poly": [[10.0, 0.0], [9.0, 0.0], [9.0, -8.0], [10.0, -8.0]], "data": {"color": "", "name": "", "value": "", "details": ""}}, {"__class__": "ObstaclePolygon", "poly": [[-3.0, 2.0], [-1.0, 2.0], [-2.0, 3.0]], "data": {"color": "", "name": "", "value": "", "details": ""}}, {"__class__": "ObstaclePolygon", "poly": [[3.0, 6.0], [1.0, 6.0], [2.0, 5.0]], "data": {"color": "", "name": "", "value": "", "details": ""}}], "robots": [{"__class__": "RobotDisc", "radius": 1.0, "start": [-12.0, 11.0], "end": [12.0, -5.0], "data": {"color": "", "name": "", "value": "", "details": ""}}, {"__class__": "RobotDisc", "radius": 1.0, "start": [-12.0, -5.0], "end": [12.0, 12.0], "data": {"color": "HSV 82,200,230", "name": "", "value": "", "details": ""}}], "metadata": {"version": "1.0.7", "solvers": "", "details": ""}}