{"__class__": "Scene", "obstacles": [{"__class__": "ObstaclePolygon", "poly": [[-10.0, -10.0], [-10.0, -11.0], [10.0, -11.0], [10.0, -10.0]], "data": {}}, {"__class__": "ObstaclePolygon", "poly": [[10.0, -11.0], [11.0, -11.0], [11.0, 10.0], [10.0, 10.0]], "data": {}}, {"__class__": "ObstaclePolygon", "poly": [[11.0, 10.0], [11.0, 11.0], [-10.0, 11.0], [-10.0, 10.0]], "data": {}}, {"__class__": "ObstaclePolygon", "poly": [[-11.0, -11.0], [-10.0, -11.0], [-10.0, 11.0], [-11.0, 11.0]], "data": {}}, {"__class__": "ObstaclePolygon", "poly": [[-7.0, 0.0], [7.0, 0.0], [6.0, 4.0], [4.0, 6.0], [1.0, 7.0], [-1.0, 7.0], [-4.0, 6.0], [-6.0, 4.0]], "data": {}}, {"__class__": "ObstaclePolygon", "poly": [[-7.0, -2.0], [-6.0, -2.0], [-6.0, -1.0], [-7.0, -1.0]], "data": {}}, {"__class__": "ObstaclePolygon", "poly": [[6.0, -2.0], [7.0, -2.0], [7.0, -1.0], [6.0, -1.0]], "data": {}}, {"__class__": "ObstaclePolygon", "poly": [[-7.0, -2.0], [-7.0, -4.0], [7.0, -4.0], [7.0, -2.0]], "data": {}}, {"__class__": "ObstaclePolygon", "poly": [[-7.0, -5.0], [-7.0, -10.0], [7.0, -10.0], [7.0, -5.0]], "data": {}}, {"__class__": "ObstaclePolygon", "poly": [[-1.0, -1.0], [-1.0, -2.0], [1.0, -2.0], [1.0, -1.0]], "data": {}}, {"__class__": "ObstaclePolygon", "poly": [[-4.0, 0.0], [-4.0, -1.0], [-3.0, -1.0], [-3.0, 0.0]], "data": {}}, {"__class__": "ObstaclePolygon", "poly": [[4.0, 0.0], [3.0, 0.0], [3.0, -1.0], [4.0, -1.0]], "data": {}}], "robots": [{"__class__": "RobotDisc", "radius": 0.47, "start": [-8.5, 0.0], "end": [8.5, 0.0], "data": {"color": "HSV 308,200,230"}}, {"__class__": "RobotDisc", "radius": 0.47, "start": [8.5, 0.0], "end": [-8.5, 0.0], "data": {"color": "HSV 119,200,230"}}], "metadata": {"version": "1.0.1", "solvers": "", "details": ""}}