{
    "__class__": "Scene",
    "obstacles": [
        {
            "__class__": "ObstaclePolygon",
            "poly": [
                [
                    -12.0,
                    -4.0
                ],
                [
                    -12.0,
                    9.0
                ],
                [
                    -13.0,
                    9.0
                ],
                [
                    -13.0,
                    -4.0
                ]
            ],
            "data": {
                "color": "",
                "name": "",
                "value": "",
                "details": ""
            }
        },
        {
            "__class__": "ObstaclePolygon",
            "poly": [
                [
                    -13.0,
                    -4.0
                ],
                [
                    -13.0,
                    -5.0
                ],
                [
                    13.0,
                    -5.0
                ],
                [
                    13.0,
                    -4.0
                ]
            ],
            "data": {
                "color": "",
                "name": "",
                "value": "",
                "details": ""
            }
        },
        {
            "__class__": "ObstaclePolygon",
            "poly": [
                [
                    13.0,
                    -5.0
                ],
                [
                    14.0,
                    -5.0
                ],
                [
                    14.0,
                    9.0
                ],
                [
                    13.0,
                    9.0
                ]
            ],
            "data": {
                "color": "",
                "name": "",
                "value": "",
                "details": ""
            }
        },
        {
            "__class__": "ObstaclePolygon",
            "poly": [
                [
                    14.0,
                    9.0
                ],
                [
                    14.0,
                    10.0
                ],
                [
                    -13.0,
                    10.0
                ],
                [
                    -13.0,
                    9.0
                ]
            ],
            "data": {
                "color": "",
                "name": "",
                "value": "",
                "details": ""
            }
        },
        {
            "__class__": "ObstaclePolygon",
            "poly": [
                [
                    -4.5,
                    6.5
                ],
                [
                    -4.5,
                    -1.5
                ],
                [
                    5.5,
                    -1.5
                ],
                [
                    5.5,
                    6.5
                ]
            ],
            "data": {
                "color": "",
                "name": "",
                "value": "",
                "details": "!!!!!!!!!!!!!!!!!!!!!!!!"
            }
        }
    ],
    "robots": [
        {
            "__class__": "RobotDisc",
            "radius": 1.0,
            "start": [
                -7.0,
                2.5
            ],
            "end": [
                8.0,
                2.5
            ],
            "data": {
                "color": "HSV 325,200,230",
                "name": "",
                "value": "",
                "details": ""
            }
        },
        {
            "__class__": "RobotDisc",
            "radius": 1.0,
            "start": [
                8.0,
                2.5
            ],
            "end": [
                -7.0,
                2.5
            ],
            "data": {
                "color": "HSV 77,200,230",
                "name": "",
                "value": "",
                "details": ""
            }
        }
    ],
    "metadata": {
        "version": "1.0.1",
        "solvers": "dRRT",
        "details": ""
    }
}