{
    "__class__": "Scene",
    "obstacles": [
        {
            "__class__": "ObstaclePolygon",
            "poly": [
                [
                    -12.0,
                    -4.0
                ],
                [
                    -12.0,
                    9.0
                ],
                [
                    -13.0,
                    9.0
                ],
                [
                    -13.0,
                    -4.0
                ]
            ],
            "data": {
                "color": "",
                "name": "",
                "value": "",
                "details": ""
            }
        },
        {
            "__class__": "ObstaclePolygon",
            "poly": [
                [
                    -13.0,
                    -4.0
                ],
                [
                    -13.0,
                    -5.0
                ],
                [
                    13.0,
                    -5.0
                ],
                [
                    13.0,
                    -4.0
                ]
            ],
            "data": {
                "color": "",
                "name": "",
                "value": "",
                "details": ""
            }
        },
        {
            "__class__": "ObstaclePolygon",
            "poly": [
                [
                    13.0,
                    -5.0
                ],
                [
                    14.0,
                    -5.0
                ],
                [
                    14.0,
                    9.0
                ],
                [
                    13.0,
                    9.0
                ]
            ],
            "data": {
                "color": "",
                "name": "",
                "value": "",
                "details": ""
            }
        },
        {
            "__class__": "ObstaclePolygon",
            "poly": [
                [
                    14.0,
                    9.0
                ],
                [
                    14.0,
                    10.0
                ],
                [
                    -13.0,
                    10.0
                ],
                [
                    -13.0,
                    9.0
                ]
            ],
            "data": {
                "color": "",
                "name": "",
                "value": "",
                "details": ""
            }
        },
        {
            "__class__": "ObstaclePolygon",
            "poly": [
                [
                    -4.0,
                    9.0
                ],
                [
                    -4.0,
                    5
                ],
                [
                    5.0,
                    5
                ],
                [
                    5.0,
                    9.0
                ]
            ],
            "data": {
                "color": "",
                "name": "",
                "value": "",
                "details": "!!!!!!!!!!!!!!!!!!!!!!!!"
            }
        },
        {
            "__class__": "ObstaclePolygon",
            "poly": [
                [
                    1.0,
                    5.0
                ],
                [
                    1.0,
                    3.0
                ],
                [
                    3.0,
                    3.0
                ],
                [
                    3.0,
                    5.0
                ]
            ],
            "data": {
                "color": "",
                "name": "",
                "value": "",
                "details": ""
            }
        },
        {
            "__class__": "ObstaclePolygon",
            "poly": [
                [
                    -4.0,
                    2.0
                ],
                [
                    -4.0,
                    0.0
                ],
                [
                    -2.0,
                    0.0
                ],
                [
                    -2.0,
                    2.0
                ]
            ],
            "data": {
                "color": "",
                "name": "",
                "value": "",
                "details": ""
            }
        },
        {
            "__class__": "ObstaclePolygon",
            "poly": [
                [
                    -4.0,
                    0
                ],
                [
                    -4.0,
                    -4.0
                ],
                [
                    5.0,
                    -4.0
                ],
                [
                    5.0,
                    0
                ]
            ],
            "data": {
                "color": "",
                "name": "",
                "value": "",
                "details": ""
            }
        }
    ],
    "robots": [
        {
            "__class__": "RobotDisc",
            "radius": 1.0,
            "start": [
                -7.0,
                0.0
            ],
            "end": [
                9.0,
                0.0
            ],
            "data": {
                "color": "HSV 325,200,230",
                "name": "",
                "value": "",
                "details": ""
            }
        },
        {
            "__class__": "RobotDisc",
            "radius": 1.0,
            "start": [
                9.0,
                5.0
            ],
            "end": [
                -7.0,
                5.0
            ],
            "data": {
                "color": "HSV 77,200,230",
                "name": "",
                "value": "",
                "details": ""
            }
        }
    ],
    "metadata": {
        "version": "1.0.1",
        "solvers": "dRRT",
        "details": ""
    }
}