{"__class__": "Scene", "obstacles": [{"__class__": "ObstacleDisc", "location": [-6.0, 8.0], "radius": 3.0, "data": {"color": "", "name": "", "value": "", "details": ""}}, {"__class__": "ObstacleDisc", "location": [-3.0, 5.0], "radius": 1.0, "data": {"color": "", "name": "", "value": "", "details": ""}}, {"__class__": "ObstacleDisc", "location": [-3.0, 11.0], "radius": 1.0, "data": {"color": "", "name": "", "value": "", "details": ""}}, {"__class__": "ObstacleDisc", "location": [-9.0, 11.0], "radius": 1.0, "data": {"color": "", "name": "", "value": "", "details": ""}}, {"__class__": "ObstacleDisc", "location": [-9.0, 5.0], "radius": 1.0, "data": {"color": "", "name": "", "value": "", "details": ""}}, {"__class__": "ObstacleDisc", "location": [11.0, 9.0], "radius": 3.0, "data": {"color": "", "name": "", "value": "", "details": ""}}, {"__class__": "ObstacleDisc", "location": [16.0, 9.0], "radius": 1.0, "data": {"color": "", "name": "", "value": "", "details": ""}}, {"__class__": "ObstacleDisc", "location": [13.0, -1.0], "radius": 3.0, "data": {"color": "", "name": "", "value": "", "details": ""}}, {"__class__": "ObstacleDisc", "location": [-11.0, -11.0], "radius": 3.0, "data": {"color": "", "name": "", "value": "", "details": ""}}, {"__class__": "ObstacleDisc", "location": [7.0, -14.0], "radius": 3.0, "data": {"color": "", "name": "", "value": "", "details": ""}}, {"__class__": "ObstacleDisc", "location": [-3.0, -2.0], "radius": 3.0, "data": {"color": "", "name": "", "value": "", "details": ""}}, {"__class__": "ObstacleDisc", "location": [17.0, -4.0], "radius": 1.0, "data": {"color": "", "name": "", "value": "", "details": ""}}, {"__class__": "ObstacleDisc", "location": [10.0, 2.0], "radius": 1.0, "data": {"color": "", "name": "", "value": "", "details": ""}}, {"__class__": "ObstacleDisc", "location": [16.0, 2.0], "radius": 1.0, "data": {"color": "", "name": "", "value": "", "details": ""}}, {"__class__": "ObstacleDisc", "location": [6.0, 9.0], "radius": 1.0, "data": {"color": "", "name": "", "value": "", "details": ""}}, {"__class__": "ObstacleDisc", "location": [11.0, -11.0], "radius": 1.0, "data": {"color": "", "name": "", "value": "", "details": ""}}, {"__class__": "ObstacleDisc", "location": [11.0, -17.0], "radius": 1.0, "data": {"color": "", "name": "", "value": "", "details": ""}}, {"__class__": "ObstacleDisc", "location": [-2.0, -6.0], "radius": 1.0, "data": {"color": "", "name": "", "value": "", "details": ""}}, {"__class__": "ObstacleDisc", "location": [-8.0, -14.0], "radius": 1.0, "data": {"color": "", "name": "", "value": "", "details": ""}}, {"__class__": "ObstacleDisc", "location": [-14.0, -8.0], "radius": 1.0, "data": {"color": "", "name": "", "value": "", "details": ""}}, {"__class__": "ObstacleDisc", "location": [1.0, 2.0], "radius": 1.0, "data": {"color": "", "name": "", "value": "", "details": ""}}, {"__class__": "ObstacleDisc", "location": [-7.0, -5.0], "radius": 1.0, "data": {"color": "", "name": "", "value": "", "details": ""}}, {"__class__": "ObstacleDisc", "location": [9.0, -4.0], "radius": 1.0, "data": {"color": "", "name": "", "value": "", "details": ""}}], "robots": [{"__class__": "RobotDisc", "radius": 1.0, "start": [-15.0, 6.0], "end": [14.0, -8.0], "data": {"color": "", "name": "", "value": "", "details": ""}}], "metadata": {"version": "1.0.2", "solvers": "", "details": ""}}